[
  {
    "symbol": "AAPL",
    "name": "Apple Inc.",
    "type": "stock",
    "sector": "Technology",
    "industry": "Consumer Electronics",
    "marketCap": "2500000000000",
    "country": "United States",
    "exchange": "NASDAQ",
    "currency": "USD",
    "description": "Apple Inc. designs, manufactures, and markets smartphones, personal computers, tablets, wearables, and accessories worldwide.",
    "logoUrl": "https://companieslogo.com/img/orig/AAPL-bf1a4314.png",
    "website": "https://www.apple.com"
  },
  {
    "symbol": "MSFT",
    "name": "Microsoft Corporation",
    "type": "stock",
    "sector": "Technology",
    "industry": "Software",
    "marketCap": "2700000000000",
    "country": "United States",
    "exchange": "NASDAQ",
    "currency": "USD",
    "description": "Microsoft Corporation develops, licenses, and supports software, services, devices, and solutions worldwide.",
    "logoUrl": "https://companieslogo.com/img/orig/MSFT-a203b22d.png",
    "website": "https://www.microsoft.com"
  },
  {
    "symbol": "GOOGL",
    "name": "Alphabet Inc.",
    "type": "stock",
    "sector": "Technology",
    "industry": "Internet Content & Information",
    "marketCap": "1900000000000",
    "country": "United States",
    "exchange": "NASDAQ",
    "currency": "USD",
    "description": "Alphabet Inc. offers various products and platforms in the United States, Europe, the Middle East, Africa, the Asia-Pacific, Canada, and Latin America.",
    "logoUrl": "https://companieslogo.com/img/orig/GOOGL-dc9b52af.png",
    "website": "https://abc.xyz"
  },
  {
    "symbol": "AMZN",
    "name": "Amazon.com, Inc.",
    "type": "stock",
    "sector": "Consumer Discretionary",
    "industry": "Internet Retail",
    "marketCap": "1800000000000",
    "country": "United States",
    "exchange": "NASDAQ",
    "currency": "USD",
    "description": "Amazon.com, Inc. engages in the retail sale of consumer products and subscriptions in North America and internationally.",
    "logoUrl": "https://companieslogo.com/img/orig/AMZN-e9f942e4.png",
    "website": "https://www.amazon.com"
  },
  {
    "symbol": "FB",
    "name": "Meta Platforms, Inc.",
    "type": "stock",
    "sector": "Technology",
    "industry": "Internet Content & Information",
    "marketCap": "1200000000000",
    "country": "United States",
    "exchange": "NASDAQ",
    "currency": "USD",
    "description": "Meta Platforms, Inc. develops products that enable people to connect and share with friends and family through mobile devices, personal computers, virtual reality headsets, and wearables worldwide.",
    "logoUrl": "https://companieslogo.com/img/orig/META-ca05a8c0.png",
    "website": "https://investor.fb.com"
  },
  {
    "symbol": "TSLA",
    "name": "Tesla, Inc.",
    "type": "stock",
    "sector": "Consumer Discretionary",
    "industry": "Auto Manufacturers",
    "marketCap": "850000000000",
    "country": "United States",
    "exchange": "NASDAQ",
    "currency": "USD",
    "description": "Tesla, Inc. designs, develops, manufactures, leases, and sells electric vehicles, and energy generation and storage systems.",
    "logoUrl": "https://companieslogo.com/img/orig/TSLA-6da6a9a1.png",
    "website": "https://www.tesla.com"
  },
  {
    "symbol": "JPM",
    "name": "JPMorgan Chase & Co.",
    "type": "stock",
    "sector": "Financial Services",
    "industry": "Banks",
    "marketCap": "500000000000",
    "country": "United States",
    "exchange": "NYSE",
    "currency": "USD",
    "description": "JPMorgan Chase & Co. operates as a financial services company worldwide, offering a variety of investment banking, financial services for businesses, commercial banking, financial transaction processing, and asset management.",
    "logoUrl": "https://companieslogo.com/img/orig/JPM-0b68384b.png",
    "website": "https://www.jpmorganchase.com"
  },
  {
    "symbol": "BRK.A",
    "name": "Berkshire Hathaway Inc.",
    "type": "stock",
    "sector": "Financial Services",
    "industry": "Insurance",
    "marketCap": "750000000000",
    "country": "United States",
    "exchange": "NYSE",
    "currency": "USD",
    "description": "Berkshire Hathaway Inc. engages in the insurance, freight rail transportation, and utility businesses worldwide.",
    "logoUrl": "https://companieslogo.com/img/orig/BRK.B-4cba18c9.png",
    "website": "https://www.berkshirehathaway.com"
  },
  {
    "symbol": "V",
    "name": "Visa Inc.",
    "type": "stock",
    "sector": "Financial Services",
    "industry": "Credit Services",
    "marketCap": "460000000000",
    "country": "United States",
    "exchange": "NYSE",
    "currency": "USD",
    "description": "Visa Inc. operates as a payments technology company worldwide. The company facilitates digital payments among consumers, merchants, financial institutions, businesses, strategic partners, and government entities.",
    "logoUrl": "https://companieslogo.com/img/orig/V-af2a22e2.png",
    "website": "https://usa.visa.com"
  },
  {
    "symbol": "PG",
    "name": "The Procter & Gamble Company",
    "type": "stock",
    "sector": "Consumer Staples",
    "industry": "Household & Personal Products",
    "marketCap": "350000000000",
    "country": "United States",
    "exchange": "NYSE",
    "currency": "USD",
    "description": "The Procter & Gamble Company provides branded consumer packaged goods worldwide, including beauty, grooming, health care, fabric and home care, and baby, feminine, and family care products.",
    "logoUrl": "https://companieslogo.com/img/orig/PG-ff399873.png",
    "website": "https://us.pg.com"
  },
  {
    "symbol": "BTC",
    "name": "Bitcoin",
    "type": "crypto",
    "sector": "Cryptocurrency",
    "industry": "Digital Currency",
    "marketCap": "1100000000000",
    "country": "Global",
    "exchange": "Various",
    "currency": "USD",
    "description": "Bitcoin is a decentralized digital currency, without a central bank or single administrator, that can be sent from user to user on the peer-to-peer bitcoin network without the need for intermediaries.",
    "logoUrl": "https://cryptologos.cc/logos/bitcoin-btc-logo.png",
    "website": "https://bitcoin.org"
  },
  {
    "symbol": "ETH",
    "name": "Ethereum",
    "type": "crypto",
    "sector": "Cryptocurrency",
    "industry": "Smart Contract Platform",
    "marketCap": "450000000000",
    "country": "Global",
    "exchange": "Various",
    "currency": "USD",
    "description": "Ethereum is a decentralized, open-source blockchain with smart contract functionality. Ether is the native cryptocurrency of the platform and is the second largest cryptocurrency by market capitalization.",
    "logoUrl": "https://cryptologos.cc/logos/ethereum-eth-logo.png",
    "website": "https://ethereum.org"
  },
  {
    "symbol": "BNB",
    "name": "Binance Coin",
    "type": "crypto",
    "sector": "Cryptocurrency",
    "industry": "Exchange Token",
    "marketCap": "95000000000",
    "country": "Global",
    "exchange": "Binance",
    "currency": "USD",
    "description": "Binance Coin is the cryptocurrency issued by the Binance exchange and trades with the BNB symbol. It is used to pay fees on the Binance exchange and can also be used for payments.",
    "logoUrl": "https://cryptologos.cc/logos/bnb-bnb-logo.png",
    "website": "https://www.binance.com"
  },
  {
    "symbol": "XRP",
    "name": "XRP",
    "type": "crypto",
    "sector": "Cryptocurrency",
    "industry": "Payment Protocol",
    "marketCap": "28000000000",
    "country": "Global",
    "exchange": "Various",
    "currency": "USD",
    "description": "XRP is the native cryptocurrency of the XRP Ledger, which is an open-source, permissionless and decentralized blockchain technology that can settle transactions in 3-5 seconds.",
    "logoUrl": "https://cryptologos.cc/logos/xrp-xrp-logo.png",
    "website": "https://ripple.com/xrp"
  },
  {
    "symbol": "DOGE",
    "name": "Dogecoin",
    "type": "crypto",
    "sector": "Cryptocurrency",
    "industry": "Meme Coin",
    "marketCap": "18000000000",
    "country": "Global",
    "exchange": "Various",
    "currency": "USD",
    "description": "Dogecoin is a cryptocurrency created by software engineers Billy Markus and Jackson Palmer, who decided to create a payment system as a joke, making fun of the wild speculation in cryptocurrencies at the time.",
    "logoUrl": "https://cryptologos.cc/logos/dogecoin-doge-logo.png",
    "website": "https://dogecoin.com"
  }
]
