[
  {
    "eventDate": "2025-04-02T12:30:00Z",
    "releaseDate": "2025-04-02T12:30:00Z",
    "eventName": "ADP Employment Change",
    "country": "United States",
    "impact": "medium",
    "forecast": "180K",
    "previous": "140K",
    "actual": null,
    "unit": "jobs",
    "description": "Change in the number of employed people during the previous month, excluding the farming industry and government.",
    "source": "Automatic Data Processing, Inc.",
    "affectedAssets": ["USD", "US Stocks", "Treasury Bonds"]
  },
  {
    "eventDate": "2025-04-03T12:30:00Z",
    "releaseDate": "2025-04-03T12:30:00Z",
    "eventName": "Initial Jobless Claims",
    "country": "United States",
    "impact": "medium",
    "forecast": "215K",
    "previous": "221K",
    "actual": null,
    "unit": "claims",
    "description": "The number of individuals who filed for unemployment insurance for the first time during the past week.",
    "source": "U.S. Department of Labor",
    "affectedAssets": ["USD", "US Stocks", "Treasury Bonds"]
  },
  {
    "eventDate": "2025-04-05T12:30:00Z",
    "releaseDate": "2025-04-05T12:30:00Z",
    "eventName": "Non-Farm Payrolls",
    "country": "United States",
    "impact": "high",
    "forecast": "225K",
    "previous": "208K",
    "actual": null,
    "unit": "jobs",
    "description": "Change in the number of employed people during the previous month, excluding the farming industry.",
    "source": "U.S. Bureau of Labor Statistics",
    "affectedAssets": ["USD", "US Stocks", "Treasury Bonds", "Gold"]
  },
  {
    "eventDate": "2025-04-05T12:30:00Z",
    "releaseDate": "2025-04-05T12:30:00Z",
    "eventName": "Unemployment Rate",
    "country": "United States",
    "impact": "high",
    "forecast": "3.8%",
    "previous": "3.9%",
    "actual": null,
    "unit": "percent",
    "description": "The percentage of the total work force that is unemployed and actively seeking employment during the previous month.",
    "source": "U.S. Bureau of Labor Statistics",
    "affectedAssets": ["USD", "US Stocks", "Treasury Bonds"]
  },
  {
    "eventDate": "2025-04-10T18:00:00Z",
    "releaseDate": "2025-04-10T18:00:00Z",
    "eventName": "FOMC Meeting Minutes",
    "country": "United States",
    "impact": "high",
    "forecast": null,
    "previous": null,
    "actual": null,
    "unit": null,
    "description": "Detailed record of the FOMC's most recent meeting, providing insights into the economic and financial conditions that influenced their vote on where to set interest rates.",
    "source": "Federal Reserve",
    "affectedAssets": ["USD", "US Stocks", "Treasury Bonds", "Gold", "BTC", "ETH"]
  },
  {
    "eventDate": "2025-04-12T12:30:00Z",
    "releaseDate": "2025-04-12T12:30:00Z",
    "eventName": "CPI m/m",
    "country": "United States",
    "impact": "high",
    "forecast": "0.2%",
    "previous": "0.4%",
    "actual": null,
    "unit": "percent",
    "description": "The Consumer Price Index (CPI) measures the change in the price of goods and services from the perspective of the consumer. It is a key way to measure changes in purchasing trends and inflation.",
    "source": "U.S. Bureau of Labor Statistics",
    "affectedAssets": ["USD", "US Stocks", "Treasury Bonds", "Gold", "BTC", "ETH"]
  },
  {
    "eventDate": "2025-04-12T12:30:00Z",
    "releaseDate": "2025-04-12T12:30:00Z",
    "eventName": "Core CPI m/m",
    "country": "United States",
    "impact": "high",
    "forecast": "0.3%",
    "previous": "0.4%",
    "actual": null,
    "unit": "percent",
    "description": "Change in the price of goods and services purchased by consumers, excluding food and energy.",
    "source": "U.S. Bureau of Labor Statistics",
    "affectedAssets": ["USD", "US Stocks", "Treasury Bonds", "Gold"]
  },
  {
    "eventDate": "2025-04-15T06:00:00Z",
    "releaseDate": "2025-04-15T06:00:00Z",
    "eventName": "GDP q/q",
    "country": "China",
    "impact": "high",
    "forecast": "5.0%",
    "previous": "5.3%",
    "actual": null,
    "unit": "percent",
    "description": "The Gross Domestic Product measures the annualized change in the inflation-adjusted value of all goods and services produced by the economy.",
    "source": "National Bureau of Statistics of China",
    "affectedAssets": ["CNY", "Asian Stocks", "Commodities"]
  },
  {
    "eventDate": "2025-04-18T09:00:00Z",
    "releaseDate": "2025-04-18T09:00:00Z",
    "eventName": "ECB Monetary Policy Statement",
    "country": "Europe",
    "impact": "high",
    "forecast": null,
    "previous": null,
    "actual": null,
    "unit": null,
    "description": "The ECB's statement containing the outcome of their decision on asset purchases and commentary about the economic conditions that influenced their decision.",
    "source": "European Central Bank",
    "affectedAssets": ["EUR", "European Stocks", "European Bonds"]
  },
  {
    "eventDate": "2025-04-20T23:50:00Z",
    "releaseDate": "2025-04-20T23:50:00Z",
    "eventName": "Trade Balance",
    "country": "Japan",
    "impact": "medium",
    "forecast": "0.25T",
    "previous": "0.28T",
    "actual": null,
    "unit": "yen",
    "description": "The Trade Balance measures the difference in value between imported and exported goods and services over the reported period.",
    "source": "Ministry of Finance Japan",
    "affectedAssets": ["JPY", "Asian Stocks"]
  },
  {
    "eventDate": "2025-04-25T12:30:00Z",
    "releaseDate": "2025-04-25T12:30:00Z",
    "eventName": "Core Durable Goods Orders m/m",
    "country": "United States",
    "impact": "medium",
    "forecast": "0.3%",
    "previous": "-0.1%",
    "actual": null,
    "unit": "percent",
    "description": "Change in the total value of new purchase orders placed with manufacturers for durable goods, excluding transportation items.",
    "source": "U.S. Census Bureau",
    "affectedAssets": ["USD", "US Stocks"]
  },
  {
    "eventDate": "2025-04-27T07:00:00Z",
    "releaseDate": "2025-04-27T07:00:00Z",
    "eventName": "Retail Sales m/m",
    "country": "United Kingdom",
    "impact": "high",
    "forecast": "0.5%",
    "previous": "-0.3%",
    "actual": null,
    "unit": "percent",
    "description": "Change in the total value of sales at the retail level.",
    "source": "Office for National Statistics",
    "affectedAssets": ["GBP", "UK Stocks"]
  },
  {
    "eventDate": "2025-04-30T18:00:00Z",
    "releaseDate": "2025-04-30T18:00:00Z",
    "eventName": "FOMC Statement",
    "country": "United States",
    "impact": "high",
    "forecast": "4.75%",
    "previous": "5.00%",
    "actual": null,
    "unit": "percent",
    "description": "The FOMC's decision on where to set the rate of interest paid on required and excess reserve balances.",
    "source": "Federal Reserve",
    "affectedAssets": ["USD", "US Stocks", "Treasury Bonds", "Gold", "BTC", "ETH"]
  },
  {
    "eventDate": "2025-04-30T18:30:00Z",
    "releaseDate": "2025-04-30T18:30:00Z",
    "eventName": "FOMC Press Conference",
    "country": "United States",
    "impact": "high",
    "forecast": null,
    "previous": null,
    "actual": null,
    "unit": null,
    "description": "Following the FOMC Statement, the Chair holds a press conference regarding monetary policy.",
    "source": "Federal Reserve",
    "affectedAssets": ["USD", "US Stocks", "Treasury Bonds", "Gold", "BTC", "ETH"]
  }
]